{"cameraMode":{"drawMode":0,"name":"Shaded","section":"Shading Mode"},"sceneLighting":false,"audioPlay":false,"sceneViewState":{"showFog":true,"showMaterialUpdate":false,"showSkybox":false,"showFlares":true,"showImageEffects":true,"showParticleSystems":true},"in2DMode":false,"pivot":{"x":0.20242920517921449,"y":1.625,"z":-0.19403353333473206},"rotation":{"x":-0.05495208501815796,"y":-0.7413031458854675,"z":0.06115584075450897,"w":-0.6661155223846436},"size":5.647627353668213,"orthographic":false}